<?xml version="1.0" encoding="UTF-8"?>
<!DOCTYPE fontscolors PUBLIC "-//NetBeans//DTD Editor Fonts and Colors settings 1.2//EN" "https://netbeans.apache.org/dtds/EditorFontsColors-1_2.dtd">
<fontscolors>
    <fontcolor foreColor="white" name="identifier"/>
    <fontcolor bgColor="ff293134" foreColor="white" name="default">
        <font name="Consolas" size="13" style="plain"/>
    </fontcolor>
    <fontcolor foreColor="orange" name="string"/>
    <fontcolor foreColor="orange" name="char"/>
    <fontcolor name="warning" waveUnderlined="yellow"/>
    <fontcolor foreColor="gray" name="comment">
        <font style="italic"/>
    </fontcolor>
    <fontcolor foreColor="white" name="error" underline="red"/>
    <fontcolor foreColor="ff678cb1" name="keyword"/>
    <fontcolor name="separator"/>
    <fontcolor name="url" underline="blue"/>
</fontscolors>
