<?xml version="1.0" encoding="UTF-8"?>
<!DOCTYPE editor-preferences PUBLIC "-//NetBeans//DTD Editor Preferences 1.0//EN" "http://www.netbeans.org/dtds/EditorPreferences-1_0.dtd">
<editor-preferences>
    <entry javaType="java.lang.Boolean" name="code-folding-collapse-innerclass" xml:space="preserve"><value><![CDATA[false]]></value></entry>
    <entry javaType="java.lang.Boolean" name="code-folding-collapse-javadoc" xml:space="preserve"><value><![CDATA[false]]></value></entry>
    <entry javaType="java.lang.Boolean" name="code-folding-collapse-method" xml:space="preserve"><value><![CDATA[false]]></value></entry>
    <entry javaType="java.lang.String" name="code-template-expand-key" xml:space="preserve"><value><![CDATA[TAB]]></value></entry>
    <entry javaType="java.lang.String" name="code-template-on-expand-action" xml:space="preserve"><value><![CDATA[FORMAT]]></value></entry>
    <entry javaType="java.lang.Boolean" name="enable.breadcrumbs" xml:space="preserve"><value><![CDATA[false]]></value></entry>
    <entry javaType="java.lang.Boolean" name="enable.guide.lines" xml:space="preserve"><value><![CDATA[false]]></value></entry>
    <entry javaType="java.lang.Boolean" name="enable.inline.hints" xml:space="preserve"><value><![CDATA[false]]></value></entry>
    <entry javaType="java.lang.Integer" name="indent-shift-width" xml:space="preserve"><value><![CDATA[8]]></value></entry>
    <entry javaType="java.lang.Boolean" name="non-printable-characters-visible" xml:space="preserve"><value><![CDATA[false]]></value></entry>
    <entry javaType="java.lang.Integer" name="spaces-per-tab" xml:space="preserve"><value><![CDATA[8]]></value></entry>
</editor-preferences>
